CREATE DATABASE  IF NOT EXISTS `happycityproject` /*!40100 DEFAULT CHARACTER SET utf8 */;
USE `happycityproject`;
-- MySQL dump 10.13  Distrib 5.7.9, for Win64 (x86_64)
--
-- Host: 127.0.0.1    Database: happycityproject
-- ------------------------------------------------------
-- Server version	5.7.11-log

/*!40101 SET @OLD_CHARACTER_SET_CLIENT=@@CHARACTER_SET_CLIENT */;
/*!40101 SET @OLD_CHARACTER_SET_RESULTS=@@CHARACTER_SET_RESULTS */;
/*!40101 SET @OLD_COLLATION_CONNECTION=@@COLLATION_CONNECTION */;
/*!40101 SET NAMES utf8 */;
/*!40103 SET @OLD_TIME_ZONE=@@TIME_ZONE */;
/*!40103 SET TIME_ZONE='+00:00' */;
/*!40014 SET @OLD_UNIQUE_CHECKS=@@UNIQUE_CHECKS, UNIQUE_CHECKS=0 */;
/*!40014 SET @OLD_FOREIGN_KEY_CHECKS=@@FOREIGN_KEY_CHECKS, FOREIGN_KEY_CHECKS=0 */;
/*!40101 SET @OLD_SQL_MODE=@@SQL_MODE, SQL_MODE='NO_AUTO_VALUE_ON_ZERO' */;
/*!40111 SET @OLD_SQL_NOTES=@@SQL_NOTES, SQL_NOTES=0 */;
SET @MYSQLDUMP_TEMP_LOG_BIN = @@SESSION.SQL_LOG_BIN;
SET @@SESSION.SQL_LOG_BIN= 0;

--
-- GTID state at the beginning of the backup 
--

SET @@GLOBAL.GTID_PURGED='adaaa289-d5d1-11e5-8506-204747939026:1-12811245';

--
-- Table structure for table `earthsqure`
--

DROP TABLE IF EXISTS `earthsqure`;
/*!40101 SET @saved_cs_client     = @@character_set_client */;
/*!40101 SET character_set_client = utf8 */;
CREATE TABLE `earthsqure` (
  `squreID` int(11) NOT NULL AUTO_INCREMENT,
  `south` double NOT NULL,
  `north` double NOT NULL,
  `west` double NOT NULL,
  `east` double NOT NULL,
  `row` int(11) NOT NULL,
  `col` int(11) NOT NULL,
  `degreepersqure` double NOT NULL,
  `streamstate` int(11) DEFAULT NULL,
  `usetimes` int(11) DEFAULT NULL,
  `threadname` varchar(45) DEFAULT NULL,
  PRIMARY KEY (`squreID`),
  UNIQUE KEY `squreID_UNIQUE` (`squreID`)
) ENGINE=InnoDB AUTO_INCREMENT=203 DEFAULT CHARSET=utf8mb4;
/*!40101 SET character_set_client = @saved_cs_client */;

--
-- Dumping data for table `earthsqure`
--

LOCK TABLES `earthsqure` WRITE;
/*!40000 ALTER TABLE `earthsqure` DISABLE KEYS */;
INSERT INTO `earthsqure` VALUES (46,43.65269461077845,44.19161676646707,-79.58677685950413,-78.84297520661157,82,-107,0.743801652892562,1,3,'TwitterStreamThread0'),(47,43.11377245508982,43.65269461077845,-79.67213114754098,-78.93442622950819,81,-108,0.7377049180327869,1,5,'TwitterStreamThread0'),(48,43.11377245508982,43.65269461077845,-80.40983606557377,-79.67213114754098,81,-109,0.7377049180327869,1,4,'TwitterStreamThread0'),(49,43.65269461077845,44.19161676646707,-80.3305785123967,-79.58677685950413,82,-108,0.743801652892562,1,1,'TwitterStreamThread0'),(50,45.26946107784431,45.808383233532936,-73.98305084745763,-73.22033898305085,85,-97,0.7627118644067796,1,2,'TwitterStreamThread0'),(51,49.041916167664674,49.5808383233533,-123.28767123287672,-122.46575342465754,92,-150,0.821917808219178,1,2,'TwitterStreamThread0'),(52,48.50299401197605,49.041916167664674,-123.24324324324324,-122.43243243243244,91,-152,0.8108108108108109,1,2,'TwitterStreamThread0'),(53,45.26946107784431,45.808383233532936,-76.27118644067797,-75.50847457627118,85,-100,0.7627118644067796,1,3,'TwitterStreamThread0'),(54,45.26946107784431,45.808383233532936,-75.50847457627118,-74.7457627118644,85,-99,0.7627118644067796,1,3,'TwitterStreamThread0'),(55,44.73053892215569,45.26946107784431,-76.38655462184875,-75.63025210084034,84,-101,0.7563025210084033,1,1,'TwitterStreamThread0'),(56,44.73053892215569,45.26946107784431,-75.63025210084034,-74.87394957983193,84,-100,0.7563025210084033,1,1,'TwitterStreamThread0'),(57,50.65868263473054,51.19760479041916,-114.62264150943396,-113.77358490566037,95,-135,0.8490566037735849,1,1,'TwitterStreamThread0'),(58,53.35329341317365,53.89221556886228,-114.3,-113.4,100,-127,0.9,1,1,'TwitterStreamThread0'),(59,53.35329341317365,53.89221556886228,-113.4,-112.5,100,-126,0.9,1,1,'TwitterStreamThread0'),(60,46.886227544910184,47.42514970059881,-71.52838427947599,-70.74235807860262,88,-91,0.7860262008733624,1,1,'TwitterStreamThread0'),(61,46.34730538922156,46.886227544910184,-71.68831168831169,-70.9090909090909,87,-92,0.7792207792207793,1,1,'TwitterStreamThread0'),(62,49.5808383233533,50.11976047904192,-97.88018433179724,-97.05069124423963,93,-118,0.8294930875576036,1,1,'TwitterStreamThread0'),(63,49.5808383233533,50.11976047904192,-97.05069124423963,-96.22119815668202,93,-117,0.8294930875576036,1,1,'TwitterStreamThread0'),(64,42.5748502994012,43.11377245508982,-80.48780487804878,-79.7560975609756,80,-110,0.7317073170731707,1,1,'TwitterStreamThread0'),(65,42.5748502994012,43.11377245508982,-79.7560975609756,-79.02439024390245,80,-109,0.7317073170731707,1,3,'TwitterStreamThread0'),(66,43.11377245508982,43.65269461077845,-81.14754098360656,-80.40983606557377,81,-110,0.7377049180327869,1,2,'TwitterStreamThread1'),(67,42.5748502994012,43.11377245508982,-81.95121951219512,-81.21951219512195,80,-112,0.7317073170731707,1,1,'TwitterStreamThread1'),(68,42.5748502994012,43.11377245508982,-81.21951219512195,-80.48780487804878,80,-111,0.7317073170731707,1,1,'TwitterStreamThread1'),(69,42.5748502994012,43.11377245508982,-79.02439024390245,-78.29268292682927,80,-108,0.7317073170731707,1,1,'TwitterStreamThread1'),(70,44.73053892215569,45.26946107784431,-64.28571428571429,-63.529411764705884,84,-85,0.7563025210084033,1,1,'TwitterStreamThread1'),(71,44.73053892215569,45.26946107784431,-63.529411764705884,-62.773109243697476,84,-84,0.7563025210084033,1,1,'TwitterStreamThread1'),(72,44.19161676646707,44.73053892215569,-64.5,-63.75,83,-86,0.75,1,1,'TwitterStreamThread1'),(73,44.19161676646707,44.73053892215569,-63.75,-63,83,-85,0.75,1,1,'TwitterStreamThread1'),(74,44.19161676646707,44.73053892215569,-63,-62.25,83,-84,0.75,1,1,'TwitterStreamThread1'),(75,44.73053892215569,45.26946107784431,-62.773109243697476,-62.016806722689076,84,-83,0.7563025210084033,1,1,'TwitterStreamThread1'),(76,45.26946107784431,45.808383233532936,-63.30508474576271,-62.54237288135593,85,-83,0.7627118644067796,1,1,'TwitterStreamThread1'),(77,45.26946107784431,45.808383233532936,-62.54237288135593,-61.779661016949156,85,-82,0.7627118644067796,1,1,'TwitterStreamThread1'),(78,43.65269461077845,44.19161676646707,-78.84297520661157,-78.09917355371901,82,-106,0.743801652892562,1,3,'TwitterStreamThread1'),(79,48.50299401197605,49.041916167664674,-124.05405405405405,-123.24324324324324,91,-153,0.8108108108108109,1,1,'TwitterStreamThread1'),(80,47.964071856287426,48.50299401197605,-123.75,-122.94642857142857,90,-154,0.8035714285714286,1,1,'TwitterStreamThread1'),(81,42.035928143712574,42.5748502994012,-83.13253012048193,-82.40963855421687,79,-115,0.7228915662650602,1,2,'TwitterStreamThread1'),(82,51.73652694610779,52.27544910179641,-106.95652173913044,-106.08695652173913,97,-123,0.8695652173913043,1,1,'TwitterStreamThread1'),(83,50.11976047904192,50.65868263473054,-105.48837209302326,-104.65116279069767,94,-126,0.8372093023255814,1,1,'TwitterStreamThread1'),(84,50.11976047904192,50.65868263473054,-104.65116279069767,-103.81395348837209,94,-125,0.8372093023255814,1,1,'TwitterStreamThread1'),(85,45.26946107784431,45.808383233532936,-72.45762711864407,-71.69491525423729,85,-95,0.7627118644067796,1,2,'TwitterStreamThread1'),(86,44.73053892215569,45.26946107784431,-72.60504201680672,-71.84873949579831,84,-96,0.7563025210084033,1,1,'TwitterStreamThread2'),(87,47.42514970059881,47.964071856287426,-53.36283185840708,-52.56637168141593,89,-67,0.7964601769911505,1,1,'TwitterStreamThread2'),(88,47.42514970059881,47.964071856287426,-52.56637168141593,-51.769911504424776,89,-66,0.7964601769911505,1,1,'TwitterStreamThread2'),(89,46.886227544910184,47.42514970059881,-53.44978165938865,-52.66375545851528,88,-68,0.7860262008733624,1,1,'TwitterStreamThread2'),(90,44.19161676646707,44.73053892215569,-80.25,-79.5,83,-107,0.75,1,1,'TwitterStreamThread2'),(91,44.73053892215569,45.26946107784431,-80.16806722689076,-79.41176470588235,84,-106,0.7563025210084033,1,1,'TwitterStreamThread2'),(92,44.73053892215569,45.26946107784431,-79.41176470588235,-78.65546218487395,84,-105,0.7563025210084033,1,1,'TwitterStreamThread2'),(93,45.26946107784431,45.808383233532936,-74.7457627118644,-73.98305084745763,85,-98,0.7627118644067796,1,1,'TwitterStreamThread2'),(94,44.19161676646707,44.73053892215569,-78,-77.25,83,-104,0.75,1,1,'TwitterStreamThread2'),(95,44.19161676646707,44.73053892215569,-77.25,-76.5,83,-103,0.75,1,1,'TwitterStreamThread2'),(96,43.65269461077845,44.19161676646707,-78.09917355371901,-77.35537190082644,82,-105,0.743801652892562,1,2,'TwitterStreamThread2'),(97,43.65269461077845,44.19161676646707,-77.35537190082644,-76.61157024793388,82,-104,0.743801652892562,1,1,'TwitterStreamThread2'),(98,39.880239520958085,40.41916167664671,115.56420233463035,116.26459143968872,75,166,0.7003891050583657,1,3,'TwitterStreamThread2'),(99,39.880239520958085,40.41916167664671,116.26459143968872,116.96498054474708,75,167,0.7003891050583657,1,3,'TwitterStreamThread2'),(100,39.34131736526946,39.880239520958085,116.06177606177606,116.75675675675676,74,168,0.694980694980695,1,3,'TwitterStreamThread2'),(101,44.19161676646707,44.73053892215569,-78.75,-78,83,-105,0.75,1,1,'TwitterStreamThread2'),(102,31.25748502994012,31.796407185628745,120.83916083916084,121.46853146853147,59,193,0.6293706293706294,1,2,'TwitterStreamThread2'),(103,31.25748502994012,31.796407185628745,121.46853146853147,122.0979020979021,59,194,0.6293706293706294,1,2,'TwitterStreamThread2'),(104,30.7185628742515,31.25748502994012,120.625,121.25,58,194,0.625,1,2,'TwitterStreamThread2'),(105,30.7185628742515,31.25748502994012,121.25,121.875,58,195,0.625,1,2,'TwitterStreamThread2'),(106,30.7185628742515,31.25748502994012,121.875,122.5,58,196,0.625,1,2,'TwitterStreamThread3'),(107,30.179640718562876,30.7185628742515,120.83044982698962,121.45328719723183,57,195,0.6228373702422145,1,2,'TwitterStreamThread3'),(108,30.179640718562876,30.7185628742515,121.45328719723183,122.07612456747405,57,196,0.6228373702422145,1,2,'TwitterStreamThread3'),(109,22.095808383233535,22.634730538922156,113.80645161290323,114.38709677419355,42,197,0.5806451612903226,1,2,'TwitterStreamThread3'),(110,22.095808383233535,22.634730538922156,114.38709677419355,114.96774193548387,42,198,0.5806451612903226,1,2,'TwitterStreamThread3'),(111,34.49101796407186,35.02994011976048,135.65217391304347,136.30434782608697,65,209,0.6521739130434783,1,1,'TwitterStreamThread3'),(112,25.32934131736527,25.868263473053894,51.258278145695364,51.854304635761586,48,87,0.5960264900662252,1,1,'TwitterStreamThread3'),(113,24.79041916167665,25.32934131736527,50.921052631578945,51.51315789473684,47,87,0.5921052631578947,1,1,'TwitterStreamThread3'),(114,24.79041916167665,25.32934131736527,51.51315789473684,52.10526315789474,47,88,0.5921052631578947,1,1,'TwitterStreamThread3'),(115,24.79041916167665,25.32934131736527,54.473684210526315,55.06578947368421,47,93,0.5921052631578947,1,1,'TwitterStreamThread3'),(116,24.79041916167665,25.32934131736527,55.06578947368421,55.6578947368421,47,94,0.5921052631578947,1,1,'TwitterStreamThread3'),(117,25.32934131736527,25.868263473053894,54.83443708609271,55.43046357615894,48,93,0.5960264900662252,1,1,'TwitterStreamThread3'),(118,25.32934131736527,25.868263473053894,55.43046357615894,56.026490066225165,48,94,0.5960264900662252,1,1,'TwitterStreamThread3'),(119,28.562874251497007,29.10179640718563,47.142857142857146,47.755102040816325,54,78,0.6122448979591837,1,1,'TwitterStreamThread3'),(120,28.562874251497007,29.10179640718563,48.36734693877551,48.97959183673469,54,80,0.6122448979591837,1,1,'TwitterStreamThread3'),(121,28.023952095808383,28.562874251497007,46.983050847457626,47.59322033898305,53,78,0.6101694915254238,1,1,'TwitterStreamThread3'),(122,28.023952095808383,28.562874251497007,48.20338983050848,48.813559322033896,53,80,0.6101694915254238,1,1,'TwitterStreamThread3'),(123,28.562874251497007,29.10179640718563,47.755102040816325,48.36734693877551,54,79,0.6122448979591837,1,1,'TwitterStreamThread3'),(124,28.023952095808383,28.562874251497007,47.59322033898305,48.20338983050848,53,79,0.6101694915254238,1,1,'TwitterStreamThread3'),(125,29.64071856287425,30.179640718562876,46.391752577319586,47.01030927835052,56,76,0.6185567010309279,1,1,'TwitterStreamThread3'),(126,29.64071856287425,30.179640718562876,48.24742268041237,48.865979381443296,56,79,0.6185567010309279,1,1,'TwitterStreamThread4'),(127,28.562874251497007,29.10179640718563,46.53061224489796,47.142857142857146,54,77,0.6122448979591837,1,1,'TwitterStreamThread4'),(128,29.64071856287425,30.179640718562876,47.01030927835052,47.628865979381445,56,77,0.6185567010309279,1,1,'TwitterStreamThread4'),(129,29.64071856287425,30.179640718562876,47.628865979381445,48.24742268041237,56,78,0.6185567010309279,1,1,'TwitterStreamThread4'),(130,29.10179640718563,29.64071856287425,46.23287671232877,46.84931506849315,55,76,0.6164383561643836,1,1,'TwitterStreamThread4'),(131,29.10179640718563,29.64071856287425,48.082191780821915,48.6986301369863,55,79,0.6164383561643836,1,1,'TwitterStreamThread4'),(132,29.10179640718563,29.64071856287425,46.84931506849315,47.465753424657535,55,77,0.6164383561643836,1,1,'TwitterStreamThread4'),(133,29.10179640718563,29.64071856287425,47.465753424657535,48.082191780821915,55,78,0.6164383561643836,1,1,'TwitterStreamThread4'),(134,48.50299401197605,49.041916167664674,1.6216216216216217,2.4324324324324325,91,3,0.8108108108108109,1,1,'TwitterStreamThread4'),(135,40.41916167664671,40.95808383233533,-74.82352941176471,-74.11764705882354,76,-106,0.7058823529411765,1,1,'TwitterStreamThread4'),(136,40.41916167664671,40.95808383233533,-74.11764705882354,-73.41176470588235,76,-105,0.7058823529411765,1,1,'TwitterStreamThread4'),(137,33.952095808383234,34.49101796407186,-119.13669064748201,-118.48920863309353,64,-184,0.6474820143884892,1,1,'TwitterStreamThread4'),(138,33.952095808383234,34.49101796407186,-118.48920863309353,-117.84172661870504,64,-183,0.6474820143884892,1,1,'TwitterStreamThread4'),(139,33.41317365269461,33.952095808383234,-118.70967741935483,-118.06451612903226,63,-184,0.6451612903225806,1,1,'TwitterStreamThread4'),(140,40.41916167664671,40.95808383233533,115.05882352941177,115.76470588235294,76,164,0.7058823529411765,1,1,'TwitterStreamThread4'),(141,40.41916167664671,40.95808383233533,117.17647058823529,117.88235294117646,76,167,0.7058823529411765,1,1,'TwitterStreamThread4'),(142,39.880239520958085,40.41916167664671,116.96498054474708,117.66536964980544,75,168,0.7003891050583657,1,2,'TwitterStreamThread4'),(143,40.41916167664671,40.95808383233533,115.76470588235294,116.47058823529412,76,165,0.7058823529411765,1,1,'TwitterStreamThread4'),(144,40.41916167664671,40.95808383233533,116.47058823529412,117.17647058823529,76,166,0.7058823529411765,1,1,'TwitterStreamThread4'),(145,39.880239520958085,40.41916167664671,114.86381322957199,115.56420233463035,75,165,0.7003891050583657,1,1,'TwitterStreamThread4'),(146,39.34131736526946,39.880239520958085,114.67181467181467,115.36679536679537,74,166,0.694980694980695,1,1,'TwitterStreamThread5'),(147,39.34131736526946,39.880239520958085,116.75675675675676,117.45173745173746,74,169,0.694980694980695,1,2,'TwitterStreamThread5'),(148,39.34131736526946,39.880239520958085,115.36679536679537,116.06177606177606,74,167,0.694980694980695,1,1,'TwitterStreamThread5'),(149,1.0778443113772456,1.6167664670658684,103.47305389221557,104.0119760479042,3,193,0.5389221556886228,1,1,'TwitterStreamThread5'),(150,1.0778443113772456,1.6167664670658684,104.0119760479042,104.55089820359281,3,194,0.5389221556886228,1,1,'TwitterStreamThread5'),(151,51.19760479041916,51.73652694610779,-0.8571428571428571,0,96,-1,0.8571428571428571,1,1,'TwitterStreamThread5'),(152,51.19760479041916,51.73652694610779,0,0.8571428571428571,96,1,0.8571428571428571,1,1,'TwitterStreamThread5'),(153,51.19760479041916,51.73652694610779,-0.8571428571428571,0,96,0,0.8571428571428571,1,1,'TwitterStreamThread5'),(154,35.568862275449106,36.10778443113772,138.97058823529412,139.63235294117646,67,211,0.6617647058823529,1,1,'TwitterStreamThread5'),(155,35.568862275449106,36.10778443113772,139.63235294117646,140.2941176470588,67,212,0.6617647058823529,1,1,'TwitterStreamThread5'),(156,35.02994011976048,35.568862275449106,139.27007299270073,139.92700729927006,66,213,0.656934306569343,1,1,'TwitterStreamThread5'),(157,39.34131736526946,39.880239520958085,117.45173745173746,118.14671814671814,74,170,0.694980694980695,1,2,'TwitterStreamThread5'),(158,38.26347305389222,38.80239520958084,116.34980988593156,117.0342205323194,72,171,0.6844106463878327,1,2,'TwitterStreamThread5'),(159,38.26347305389222,38.80239520958084,117.71863117870723,118.40304182509506,72,173,0.6844106463878327,1,2,'TwitterStreamThread5'),(160,38.26347305389222,38.80239520958084,117.0342205323194,117.71863117870723,72,172,0.6844106463878327,1,2,'TwitterStreamThread5'),(161,38.80239520958084,39.34131736526946,116.55172413793103,117.24137931034483,73,170,0.6896551724137931,1,2,'TwitterStreamThread5'),(162,38.80239520958084,39.34131736526946,117.93103448275862,118.62068965517241,73,172,0.6896551724137931,1,2,'TwitterStreamThread5'),(163,38.80239520958084,39.34131736526946,117.24137931034483,117.93103448275862,73,171,0.6896551724137931,1,2,'TwitterStreamThread5'),(164,24.79041916167665,25.32934131736527,121.38157894736842,121.97368421052632,47,206,0.5921052631578947,1,1,'TwitterStreamThread5'),(165,32.33532934131737,32.87425149700599,-117.6678445229682,-117.03180212014134,61,-185,0.6360424028268551,1,1,'TwitterStreamThread5'),(166,32.87425149700599,33.41317365269461,-117.86476868327402,-117.22419928825623,62,-184,0.6405693950177936,1,1,'TwitterStreamThread6'),(167,32.87425149700599,33.41317365269461,-117.22419928825623,-116.58362989323844,62,-183,0.6405693950177936,1,1,'TwitterStreamThread6'),(168,32.33532934131737,32.87425149700599,-117.03180212014134,-116.39575971731449,61,-184,0.6360424028268551,1,1,'TwitterStreamThread6'),(169,24.79041916167665,25.32934131736527,46.18421052631579,46.776315789473685,47,79,0.5921052631578947,1,1,'TwitterStreamThread6'),(170,24.79041916167665,25.32934131736527,46.776315789473685,47.36842105263158,47,80,0.5921052631578947,1,1,'TwitterStreamThread6'),(171,24.251497005988025,24.79041916167665,46.032786885245905,46.622950819672134,46,79,0.5901639344262295,1,1,'TwitterStreamThread6'),(172,24.251497005988025,24.79041916167665,46.622950819672134,47.21311475409836,46,80,0.5901639344262295,1,1,'TwitterStreamThread6'),(173,21.55688622754491,22.095808383233535,38.77813504823151,39.356913183279744,41,68,0.5787781350482315,1,1,'TwitterStreamThread6'),(174,21.55688622754491,22.095808383233535,39.356913183279744,39.935691318327976,41,69,0.5787781350482315,1,1,'TwitterStreamThread6'),(175,21.017964071856287,21.55688622754491,38.65384615384615,39.23076923076923,40,68,0.5769230769230769,1,1,'TwitterStreamThread6'),(176,21.017964071856287,21.55688622754491,39.23076923076923,39.80769230769231,40,69,0.5769230769230769,1,1,'TwitterStreamThread6'),(177,22.095808383233535,22.634730538922156,38.903225806451616,39.483870967741936,42,68,0.5806451612903226,1,1,'TwitterStreamThread6'),(178,52.27544910179641,52.814371257485035,13.170731707317072,14.048780487804878,98,16,0.8780487804878049,1,1,'TwitterStreamThread6'),(179,52.27544910179641,52.814371257485035,12.292682926829269,13.170731707317072,98,15,0.8780487804878049,1,1,'TwitterStreamThread6'),(180,51.73652694610779,52.27544910179641,12.173913043478262,13.043478260869565,97,15,0.8695652173913043,1,1,'TwitterStreamThread6'),(181,51.73652694610779,52.27544910179641,13.043478260869565,13.91304347826087,97,16,0.8695652173913043,1,1,'TwitterStreamThread6'),(182,31.796407185628745,32.33532934131737,118.52112676056338,119.15492957746478,60,188,0.6338028169014085,1,1,'TwitterStreamThread6'),(183,30.179640718562876,30.7185628742515,29.896193771626297,30.519031141868513,57,49,0.6228373702422145,1,1,'TwitterStreamThread6'),(184,30.179640718562876,30.7185628742515,31.764705882352942,32.38754325259516,57,52,0.6228373702422145,1,1,'TwitterStreamThread6'),(185,29.10179640718563,29.64071856287425,30.205479452054796,30.82191780821918,55,50,0.6164383561643836,1,1,'TwitterStreamThread6'),(186,29.10179640718563,29.64071856287425,31.438356164383563,32.054794520547944,55,52,0.6164383561643836,1,1,'TwitterStreamThread7'),(187,30.179640718562876,30.7185628742515,30.519031141868513,31.141868512110726,57,50,0.6228373702422145,1,1,'TwitterStreamThread7'),(188,30.179640718562876,30.7185628742515,31.141868512110726,31.764705882352942,57,51,0.6228373702422145,1,1,'TwitterStreamThread7'),(189,29.10179640718563,29.64071856287425,30.82191780821918,31.438356164383563,55,51,0.6164383561643836,1,1,'TwitterStreamThread7'),(190,29.64071856287425,30.179640718562876,30.309278350515463,30.927835051546392,56,50,0.6185567010309279,1,1,'TwitterStreamThread7'),(191,29.64071856287425,30.179640718562876,31.54639175257732,32.16494845360825,56,52,0.6185567010309279,1,1,'TwitterStreamThread7'),(192,29.64071856287425,30.179640718562876,30.927835051546392,31.54639175257732,56,51,0.6185567010309279,1,1,'TwitterStreamThread7'),(193,43.65269461077845,44.19161676646707,124.95867768595042,125.70247933884298,82,169,0.743801652892562,1,1,'TwitterStreamThread7'),(194,31.796407185628745,32.33532934131737,121.05633802816901,121.69014084507042,60,192,0.6338028169014085,1,1,'TwitterStreamThread7'),(195,31.796407185628745,32.33532934131737,121.69014084507042,122.32394366197182,60,193,0.6338028169014085,1,1,'TwitterStreamThread7'),(196,30.7185628742515,31.25748502994012,103.75,104.375,58,167,0.625,1,1,'TwitterStreamThread7'),(197,30.7185628742515,31.25748502994012,104.375,105,58,168,0.625,1,1,'TwitterStreamThread7'),(198,30.179640718562876,30.7185628742515,103.39100346020761,104.01384083044982,57,167,0.6228373702422145,1,1,'TwitterStreamThread7'),(199,30.179640718562876,30.7185628742515,104.01384083044982,104.63667820069205,57,168,0.6228373702422145,1,1,'TwitterStreamThread7'),(200,30.7185628742515,31.25748502994012,103.125,103.75,58,166,0.625,1,1,'TwitterStreamThread7'),(201,35.02994011976048,35.568862275449106,136.64233576642334,137.2992700729927,66,209,0.656934306569343,1,1,'TwitterStreamThread7'),(202,-0.5389221556886228,0,-78.68263473053892,-78.1437125748503,-1,-146,0.5389221556886228,1,2,'TwitterStreamThread7');
/*!40000 ALTER TABLE `earthsqure` ENABLE KEYS */;
UNLOCK TABLES;

--
-- Table structure for table `interestareas`
--

DROP TABLE IF EXISTS `interestareas`;
/*!40101 SET @saved_cs_client     = @@character_set_client */;
/*!40101 SET character_set_client = utf8 */;
CREATE TABLE `interestareas` (
  `areaid` int(11) NOT NULL AUTO_INCREMENT,
  `north` double NOT NULL,
  `east` double NOT NULL,
  `south` double NOT NULL,
  `west` double NOT NULL,
  `center_lat` double DEFAULT NULL,
  `center_lon` double DEFAULT NULL,
  `range` int(11) DEFAULT NULL,
  PRIMARY KEY (`areaid`),
  UNIQUE KEY `id_UNIQUE` (`areaid`)
) ENGINE=InnoDB AUTO_INCREMENT=175 DEFAULT CHARSET=utf8mb4;
/*!40101 SET character_set_client = @saved_cs_client */;

--
-- Dumping data for table `interestareas`
--

LOCK TABLES `interestareas` WRITE;
/*!40000 ALTER TABLE `interestareas` DISABLE KEYS */;
INSERT INTO `interestareas` VALUES (1,43.8362125527272,-79.1327766692268,43.6162125527272,-79.4372113155387,NULL,NULL,12000),(2,43.7818850788632,-79.2982009152308,43.5985517455299,-79.5517441531285,NULL,NULL,10000),(3,43.648663217622,-79.5597863363744,43.483663217622,-79.7875047772974,NULL,NULL,9000),(4,43.7219198421127,-79.6070409111532,43.6485865087794,-79.708449811503,NULL,NULL,4000),(5,45.5206265074176,-73.7476850352784,45.3556265074176,-73.9828352655027,NULL,NULL,9000),(6,45.5450215914379,-73.5354107001928,45.3983549247712,-73.7445575615257,NULL,NULL,8000),(7,45.6382897560063,-73.4899871642246,45.5282897560063,-73.6471588318689,NULL,NULL,6000),(8,45.6437659912451,-73.7117846081352,45.5154326579117,-73.8951395012397,NULL,NULL,7000),(9,45.7008175456715,-73.6497902384059,45.5541508790049,-73.859517622922,NULL,NULL,8000),(10,49.3130874925107,-123.029256270493,49.2030874925107,-123.197799173842,NULL,NULL,6000),(11,49.2798443045241,-123.182242040257,49.2248443045241,-123.266503687281,NULL,NULL,3000),(12,49.2239601919058,-122.657221761554,49.0406268585724,-122.93741313786,NULL,NULL,10000),(13,49.1485486508587,-122.656835855188,49.0018819841921,-122.880731283483,NULL,NULL,8000),(14,45.4330899762748,-75.3472814245606,45.1397566429415,-75.7642068262205,NULL,NULL,16000),(15,45.4021412729911,-75.5522621920187,45.0354746063245,-76.0727988431375,NULL,NULL,20000),(16,45.4804785791851,-75.8839727943714,45.2238119125184,-76.249205916566,NULL,NULL,14000),(17,45.4669690171921,-75.433471038601,45.2836356838588,-75.6944586488989,NULL,NULL,10000),(18,45.5103630399519,-75.2836820683133,45.3270297066186,-75.5448701777805,NULL,NULL,10000),(19,45.5341516086344,-75.6546264615895,45.4608182753011,-75.7592477892893,NULL,NULL,4000),(20,45.5468632116522,-75.5641707483773,45.4735298783189,-75.6688157018181,NULL,NULL,4000),(21,51.1822435142656,-113.915831517235,50.9805768475989,-114.236846610889,NULL,NULL,11000),(22,50.9962809387891,-113.916258046515,50.8496142721224,-114.148927500359,NULL,NULL,8000),(23,53.654389,-113.305803793682,53.434389,-113.676049606317,NULL,NULL,12000),(24,46.9090506019622,-71.1199359497725,46.6523839352956,-71.4947454056962,NULL,NULL,14000),(25,49.9885780147273,-96.9187483545427,49.7135780147273,-97.3452527173322,NULL,NULL,15000),(26,43.2854554750291,-79.6040173662278,43.0654554750291,-79.9056922892409,NULL,NULL,12000),(27,43.3026889864474,-79.9043365450341,43.1376889864474,-80.1307586698096,NULL,NULL,9000),(28,43.4302907598167,-80.0257567029808,43.3019574264834,-80.2022858995582,NULL,NULL,7000),(29,43.4215545142773,-79.9172794216646,43.293221180944,-80.0937832004056,NULL,NULL,7000),(30,43.3596630369428,-79.791657713307,43.2863297036094,-79.8924599011461,NULL,NULL,4000),(31,43.4184463945205,-79.7406046448007,43.3267797278538,-79.8667104186758,NULL,NULL,5000),(32,43.4322351173047,-79.8307870603438,43.3589017839714,-79.9317098878983,NULL,NULL,4000),(33,43.4433552356701,-80.4129436134222,43.3700219023367,-80.5138849662652,NULL,NULL,4000),(34,43.443271978286,-80.4860899845602,43.388271978286,-80.5618073543069,NULL,NULL,3000),(35,43.4978625917501,-80.4139580285606,43.4428625917501,-80.4897437536659,NULL,NULL,3000),(36,43.5179165527356,-80.5137465286701,43.4629165527356,-80.5895574125407,NULL,NULL,3000),(37,43.5295443087915,-80.4684572674078,43.4928776421248,-80.5190152667718,NULL,NULL,2000),(38,43.5096217193083,-80.489064972917,43.4729550526417,-80.5396062917313,NULL,NULL,2000),(39,43.4102677470373,-80.2677610189456,43.336934413704,-80.3686472816402,NULL,NULL,4000),(40,43.4713305327807,-80.2737298243272,43.379663866114,-80.3999457127821,NULL,NULL,4000),(41,43.0602835333333,-81.1429276090354,42.9136168666666,-81.3434263909645,NULL,NULL,8000),(42,43.2253927825192,-79.1947960682875,43.1153927825192,-79.3456210262437,NULL,NULL,6000),(43,43.1607442383841,-79.0073681864589,43.0324109050508,-79.1831183787753,NULL,NULL,7000),(44,43.0924099702338,-79.0065755172984,42.9640766369004,-79.1821299270376,NULL,NULL,7000),(45,43.0382423552324,-79.1725478011115,42.9465756885658,-79.2978706695916,NULL,NULL,5000),(46,44.7887032047188,-63.5217482977938,44.4220365380522,-64.0367583338468,NULL,NULL,20000),(47,44.943719809225,-63.2551412171526,44.5770531425584,-63.7715311461285,NULL,NULL,20000),(48,45.0508829927805,-62.9168313917054,44.6842163261138,-63.4341817918883,NULL,NULL,20000),(49,45.117029723028,-62.4029227797955,44.7503630563613,-62.9208687241107,NULL,NULL,20000),(50,45.2792383858508,-62.5159744921798,44.9492383858508,-62.9835982617263,NULL,NULL,18000),(51,43.927079562912,-78.8066726704317,43.8537462295787,-78.9084302373807,NULL,NULL,4000),(52,43.9718328666666,-78.5566466413886,43.8984995333333,-78.6584807586113,NULL,NULL,4000),(53,44.0191064440762,-78.946234797223,43.9457731107429,-79.0481499684018,NULL,NULL,4000),(54,43.9758589130154,-78.9284190933861,43.9025255796821,-79.0302601058325,NULL,NULL,4000),(55,43.9021331574613,-78.9123515065217,43.8471331574613,-78.9886494700406,NULL,NULL,3000),(56,48.5096125109139,-123.238082841849,48.3996125109139,-123.403942042134,NULL,NULL,6000),(57,42.3460682133288,-82.8748084711458,42.2360682133288,-83.0235101698697,NULL,NULL,6000),(58,42.3231421075704,-82.9672292937013,42.2314754409037,-83.0911203156737,NULL,NULL,5000),(59,42.4484886406745,-82.4671774254474,42.1551553073412,-82.8637830081462,NULL,0,16000),(60,52.1880036584974,-106.549888802392,52.0780036584974,-106.729091347411,NULL,NULL,6000),(61,50.5185445333333,-104.503738126684,50.3718778666666,-104.734050673315,NULL,NULL,8000),(62,45.4926594666666,-71.7518756719922,45.3093261333333,-72.0129819280078,NULL,NULL,10000),(63,45.3014764630698,-72.096551098119,45.2464764630698,-72.1747074635996,NULL,NULL,3000),(64,47.8022249356464,-52.560323660414,47.4355582689797,-53.1042919763047,NULL,NULL,20000),(65,47.4680930327003,-52.6965612479853,47.339759699367,-52.8861719063115,NULL,NULL,7000),(66,44.4111407387828,-79.6220998549532,44.3194740721161,-79.7503235989529,NULL,NULL,5000),(67,45.78476372957355,-75.70472717285156,45.548678503520875,-76.08650207519531,NULL,NULL,NULL),(68,44.47691085722325,-75.39230346679688,44.21174128124646,-75.69992065429688,NULL,NULL,NULL),(69,44.36313311380771,-75.14785766601562,44.12702800650004,-75.48294067382812,NULL,NULL,NULL),(70,45.00753503123719,-79.23133850097656,44.820812031724444,-79.54170227050781,NULL,NULL,NULL),(71,45.79816953017263,-74.35684204101562,45.415804475175044,-74.86495971679688,NULL,NULL,NULL),(72,44.41220239438348,-77.07595825195312,43.97502815071961,-77.64999389648438,NULL,NULL,NULL),(73,44.41220239438348,-77.07595825195312,43.97502815071961,-77.64999389648438,NULL,NULL,NULL),(74,45.69850658738845,-75.23025512695312,45.590978249451936,-75.44723510742188,NULL,NULL,NULL),(75,40.17047886718111,116.72286987304688,39.705073625554476,116.08840942382812,NULL,NULL,NULL),(76,44.55524925971065,-78.04824829101562,44.10730980734024,-78.62503051757812,NULL,NULL,NULL),(77,31.474352783178166,121.75254821777344,30.965834202421107,121.14692687988281,NULL,NULL,NULL),(78,31.246855969897045,121.98738098144531,30.6662659463233,121.34468078613281,NULL,NULL,NULL),(79,22.517631421923767,114.40544128417969,22.17723179282137,113.83552551269531,NULL,NULL,NULL),(80,34.71621791157453,135.8298110961914,34.670487998504306,135.74810028076172,NULL,NULL,NULL),(81,34.71000915922494,135.9012222290039,34.65919277297457,135.81470489501953,NULL,NULL,NULL),(82,25.415369198678164,51.627159118652344,25.245938079306878,51.38202667236328,NULL,NULL,NULL),(83,25.308028280231945,51.627159118652344,25.16641630837718,51.34357452392578,NULL,NULL,NULL),(84,25.36450272780685,55.425682067871094,25.246559138545663,55.21076202392578,NULL,NULL,NULL),(85,25.289404556494823,55.538978576660156,25.177602195651765,55.40851593017578,NULL,NULL,NULL),(86,25.250906464327883,55.46344757080078,25.097414007508647,55.115318298339844,NULL,NULL,NULL),(87,25.160201483133346,55.29315948486328,24.9624052019158,55.006141662597656,NULL,NULL,NULL),(88,25.106119148231876,55.37006378173828,25.03770493304312,55.27118682861328,NULL,NULL,NULL),(89,24.968007596404544,55.236854553222656,24.801071637296058,54.917564392089844,NULL,NULL,NULL),(90,25.36450272780685,55.425682067871094,25.246559138545663,55.21076202392578,NULL,NULL,NULL),(91,25.289404556494823,55.538978576660156,25.177602195651765,55.40851593017578,NULL,NULL,NULL),(92,25.250906464327883,55.46344757080078,25.097414007508647,55.115318298339844,NULL,NULL,NULL),(93,25.160201483133346,55.29315948486328,24.9624052019158,55.006141662597656,NULL,NULL,NULL),(94,25.106119148231876,55.37006378173828,25.03770493304312,55.27118682861328,NULL,NULL,NULL),(95,24.968007596404544,55.236854553222656,24.801071637296058,54.917564392089844,NULL,NULL,NULL),(96,25.181330596649822,55.26775360107422,24.954312404113114,55.000648498535156,NULL,NULL,NULL),(97,25.181330596649822,55.26775360107422,24.954312404113114,55.000648498535156,NULL,NULL,NULL),(98,25.326649141869385,55.429115295410156,25.056367144977752,55.145530700683594,NULL,NULL,NULL),(99,25.326649141869385,55.429115295410156,25.056367144977752,55.145530700683594,NULL,NULL,NULL),(100,25.293750347951917,55.557518005371094,25.13782549072222,55.390663146972656,NULL,NULL,NULL),(101,25.293750347951917,55.557518005371094,25.13782549072222,55.390663146972656,NULL,NULL,NULL),(102,25.114201938326108,55.20698547363281,24.844072974931866,54.90898132324219,NULL,NULL,NULL),(103,25.228547132003747,55.37315368652344,24.974854621062875,55.02159118652344,NULL,NULL,NULL),(104,25.351472502592593,55.53794860839844,25.115445397061965,55.23582458496094,NULL,NULL,NULL),(105,29.017748018496047,48.415374755859375,28.521796040000673,47.574920654296875,NULL,NULL,NULL),(106,30.104741820318207,48.385162353515625,28.950475674848004,46.564178466796875,NULL,NULL,NULL),(107,48.901063589927574,2.4151039123535156,48.815681058937955,2.2499656677246094,NULL,NULL,NULL),(108,48.901063589927574,2.4151039123535156,48.815681058937955,2.2499656677246094,NULL,NULL,NULL),(109,51.71341605241769,0.2904510498046875,51.25503952021693,-0.5390167236328125,NULL,NULL,NULL),(110,51.71341605241769,0.2904510498046875,51.25503952021693,-0.5390167236328125,NULL,NULL,NULL),(111,51.71341605241769,0.2904510498046875,51.25503952021693,-0.5390167236328125,NULL,NULL,NULL),(112,51.71341605241769,0.2904510498046875,51.25503952021693,-0.5390167236328125,NULL,NULL,NULL),(113,51.71341605241769,0.2904510498046875,51.25503952021693,-0.5390167236328125,NULL,NULL,NULL),(114,40.657722371758105,-74.036865234375,40.490826256468054,-74.256591796875,NULL,NULL,NULL),(115,40.657722371758105,-74.036865234375,40.490826256468054,-74.256591796875,NULL,NULL,NULL),(116,40.90105786688403,-73.7567138671875,40.538851525354644,-74.11651611328125,NULL,NULL,NULL),(117,40.90105786688403,-73.7567138671875,40.538851525354644,-74.11651611328125,NULL,NULL,NULL),(118,34.31848685867648,-118.19160461425781,33.93880275084578,-118.57612609863281,NULL,NULL,NULL),(119,34.31848685867648,-118.19160461425781,33.93880275084578,-118.57612609863281,NULL,NULL,NULL),(120,34.31848685867648,-118.19160461425781,33.93880275084578,-118.57612609863281,NULL,NULL,NULL),(121,33.96158628979907,-118.19984436035156,33.69806524140501,-118.29872131347656,NULL,NULL,NULL),(122,33.96158628979907,-118.19984436035156,33.69806524140501,-118.29872131347656,NULL,NULL,NULL),(123,33.96158628979907,-118.19984436035156,33.69806524140501,-118.29872131347656,NULL,NULL,NULL),(124,40.68896903762435,117.279052734375,40.080172991335,115.6475830078125,NULL,NULL,NULL),(125,40.094882122321174,116.883544921875,39.639537564366684,115.301513671875,NULL,NULL,NULL),(126,1.4486676456977468,103.9031982421875,1.2049740311158121,103.61686706542969,NULL,NULL,NULL),(127,1.4218968729661605,104.0570068359375,1.2372390405371851,103.86268615722656,NULL,NULL,NULL),(128,22.543000965921866,114.40818786621094,22.177867639308193,113.83140563964844,NULL,NULL,NULL),(129,51.71937185241758,0.2904510498046875,51.261055492709005,-0.5390167236328125,NULL,NULL,NULL),(130,35.797766245171026,139.8401641845703,35.546753306701,139.34165954589844,NULL,NULL,NULL),(131,35.797766245171026,139.8401641845703,35.546753306701,139.34165954589844,NULL,NULL,NULL),(132,35.76991491635478,139.36912536621094,35.64502124113391,139.11094665527344,NULL,NULL,NULL),(133,35.76991491635478,139.36912536621094,35.64502124113391,139.11094665527344,NULL,NULL,NULL),(134,35.59031875398378,139.48997497558594,35.48415637985317,139.32655334472656,NULL,NULL,NULL),(135,35.59031875398378,139.48997497558594,35.48415637985317,139.32655334472656,NULL,NULL,NULL),(136,39.37040245787161,117.97325134277344,38.74123075381231,116.86637878417969,NULL,NULL,NULL),(137,39.34067026099159,117.50289916992188,38.77978137804918,116.90689086914062,NULL,NULL,NULL),(138,39.44891948347229,117.96707153320312,39.00637903337458,117.49191284179688,NULL,NULL,NULL),(139,39.059716474034666,117.94509887695312,38.56749535882734,117.27493286132812,NULL,NULL,NULL),(140,25.10549737301469,121.64337158203125,24.944973899499306,121.40853881835938,NULL,NULL,NULL),(141,32.819594869239786,-117.04902648925781,32.644000448276756,-117.26188659667969,NULL,NULL,NULL),(142,32.919943762979564,-117.11082458496094,32.78958351251041,-117.28660583496094,NULL,NULL,NULL),(143,32.70642228639569,-117.02293395996094,32.54681317351511,-117.22206115722656,NULL,NULL,NULL),(144,25.167659235421823,47.069549560546875,24.367113562651262,46.281280517578125,NULL,NULL,NULL),(145,21.820707853875007,39.552154541015625,21.053744493156323,39.066009521484375,NULL,NULL,NULL),(146,22.085639901650325,39.456024169921875,21.79775787126941,38.840789794921875,NULL,NULL,NULL),(147,22.59119025242291,39.406585693359375,22.085639901650325,39.002838134765625,NULL,NULL,NULL),(149,52.68137768713739,13.687591552734375,52.355473708752655,13.143768310546875,NULL,NULL,NULL),(150,52.49281508540497,13.278350830078125,52.17224727394877,12.803192138671875,NULL,NULL,NULL),(151,32.140734378035404,118.90914916992188,31.95216223802495,118.67294311523438,NULL,NULL,NULL),(152,32.21047722643385,119.02999877929688,32.01972036197237,118.83499145507812,NULL,NULL,NULL),(153,30.29227485102423,31.92352294921875,29.57345707301757,30.43487548828125,NULL,NULL,NULL),(154,30.510216587229984,31.96746826171875,30.287531589298723,31.01715087890625,NULL,NULL,NULL),(155,30.680439786468128,31.98944091796875,30.496017831341284,31.51153564453125,NULL,NULL,NULL),(156,43.919658762067556,125.5023193359375,43.73339862876605,125.15350341796875,NULL,NULL,NULL),(157,43.99479043262446,125.3155517578125,43.89987148115715,125.1617431640625,NULL,NULL,NULL),(158,44.040218713142146,125.4254150390625,43.95921358836687,125.26611328125,NULL,NULL,NULL),(159,43.977004674964085,125.4913330078125,43.905808356157394,125.29083251953125,NULL,NULL,NULL),(160,40.024985445869184,116.5151596069336,39.799040872866506,116.21990203857422,NULL,NULL,NULL),(161,40.129016064673735,117.04113006591797,40.034975075009854,116.76715850830078,NULL,NULL,NULL),(162,40.13584079730779,116.67823791503906,39.74521015328692,116.13853454589844,NULL,NULL,NULL),(163,40.19041398364302,116.56425476074219,40.091730433255,116.25938415527344,NULL,NULL,NULL),(164,31.494261815532724,122.04299926757812,30.706419757489716,121.07894897460938,NULL,NULL,NULL),(165,31.83323255302524,122.05947875976562,31.482551133122485,121.15036010742188,NULL,NULL,NULL),(166,31.149356922488074,121.11740112304688,30.781958072109564,120.94436645507812,NULL,NULL,NULL),(167,30.80791068136646,104.46212768554688,30.334953881988564,103.90182495117188,NULL,NULL,NULL),(168,30.954057859276126,104.01992797851562,30.569355748003844,103.71505737304688,NULL,NULL,NULL),(169,31.031754878046105,104.50332641601562,30.763079047459023,104.00894165039062,NULL,NULL,NULL),(170,35.25907654252574,136.96002960205078,35.05360791102559,136.77806854248047,NULL,NULL,NULL),(171,35.228794142471024,136.83094024658203,35.133386854253075,136.71627044677734,NULL,NULL,NULL),(172,-0.045318598790290016,-78.3816146850586,-0.36254640877525024,-78.5464096069336,NULL,NULL,NULL),(173,-0.24307178062874174,-78.52718353271484,-0.3776522947549459,-78.60408782958984,NULL,NULL,NULL),(174,-0.1270293148776232,-78.42761993408203,-0.22727906703481066,-78.5134506225586,NULL,NULL,NULL);
/*!40000 ALTER TABLE `interestareas` ENABLE KEYS */;
UNLOCK TABLES;

--
-- Table structure for table `regandarea`
--

DROP TABLE IF EXISTS `regandarea`;
/*!40101 SET @saved_cs_client     = @@character_set_client */;
/*!40101 SET character_set_client = utf8 */;
CREATE TABLE `regandarea` (
  `relateid` int(11) NOT NULL AUTO_INCREMENT,
  `areaid` int(11) NOT NULL,
  `regid` int(11) NOT NULL,
  UNIQUE KEY `relateid_UNIQUE` (`relateid`),
  KEY `regID_idx` (`areaid`),
  KEY `areaID_idx` (`regid`),
  CONSTRAINT `f1` FOREIGN KEY (`areaid`) REFERENCES `interestareas` (`areaid`) ON DELETE NO ACTION ON UPDATE NO ACTION,
  CONSTRAINT `f2` FOREIGN KEY (`regid`) REFERENCES `regnames` (`regid`) ON DELETE NO ACTION ON UPDATE NO ACTION
) ENGINE=InnoDB AUTO_INCREMENT=148 DEFAULT CHARSET=utf8mb4;
/*!40101 SET character_set_client = @saved_cs_client */;

--
-- Dumping data for table `regandarea`
--

LOCK TABLES `regandarea` WRITE;
/*!40000 ALTER TABLE `regandarea` DISABLE KEYS */;
INSERT INTO `regandarea` VALUES (1,1,1),(2,2,1),(3,3,2),(4,4,2),(5,5,3),(6,6,3),(7,7,3),(8,8,4),(9,9,4),(10,10,5),(11,11,5),(12,12,6),(13,13,6),(14,14,7),(15,15,7),(16,16,7),(17,17,7),(18,18,7),(19,19,8),(20,20,8),(21,21,9),(22,22,9),(23,23,10),(24,24,11),(25,25,12),(26,26,13),(27,27,13),(28,28,13),(29,29,13),(30,30,14),(31,31,14),(32,32,14),(33,33,15),(34,34,15),(35,35,15),(36,36,16),(37,37,16),(38,38,16),(39,39,17),(40,40,17),(41,41,18),(42,42,19),(43,43,20),(44,44,20),(45,45,21),(46,46,22),(47,47,22),(48,48,22),(49,49,22),(50,50,22),(51,51,23),(52,52,24),(53,53,25),(54,54,25),(55,55,25),(56,56,26),(57,57,27),(58,58,27),(59,59,28),(60,60,29),(61,61,30),(62,62,31),(63,63,32),(64,64,33),(65,65,33),(66,66,34),(67,67,35),(68,70,36),(69,71,37),(70,72,39),(71,74,40),(72,75,41),(73,76,42),(74,77,43),(75,78,43),(76,79,44),(77,80,45),(78,81,45),(79,82,46),(80,83,46),(81,102,47),(82,103,47),(83,104,47),(84,105,48),(85,106,48),(86,108,49),(87,114,56),(89,116,56),(93,118,60),(95,123,60),(97,124,61),(98,125,61),(99,126,62),(100,127,62),(101,128,63),(102,129,64),(103,130,65),(105,133,65),(107,134,65),(109,136,67),(110,137,68),(111,138,68),(112,139,68),(113,140,69),(114,141,70),(115,142,70),(116,143,70),(117,144,71),(118,145,72),(119,146,72),(120,147,72),(122,149,73),(123,150,73),(124,151,74),(125,152,74),(126,153,75),(127,154,75),(128,155,75),(129,156,76),(130,157,76),(131,158,76),(132,159,76),(133,160,77),(134,161,77),(135,162,77),(136,163,77),(137,164,78),(138,165,78),(139,166,78),(140,167,79),(141,168,79),(142,169,79),(143,170,80),(144,171,80),(145,172,81),(146,173,81),(147,174,82);
/*!40000 ALTER TABLE `regandarea` ENABLE KEYS */;
UNLOCK TABLES;

--
-- Table structure for table `regnames`
--

DROP TABLE IF EXISTS `regnames`;
/*!40101 SET @saved_cs_client     = @@character_set_client */;
/*!40101 SET character_set_client = utf8 */;
CREATE TABLE `regnames` (
  `regid` int(11) NOT NULL AUTO_INCREMENT,
  `regname` mediumtext NOT NULL,
  `country` mediumtext,
  `streamstate` int(11) NOT NULL DEFAULT '0',
  `private` int(11) NOT NULL DEFAULT '0',
  `center_lat` double DEFAULT NULL,
  `center_lan` double DEFAULT NULL,
  `box_points` longtext,
  `time_zone` int(11) DEFAULT '0',
  PRIMARY KEY (`regid`),
  UNIQUE KEY `regid_UNIQUE` (`regid`)
) ENGINE=InnoDB AUTO_INCREMENT=83 DEFAULT CHARSET=utf8mb4;
/*!40101 SET character_set_client = @saved_cs_client */;

--
-- Dumping data for table `regnames`
--

LOCK TABLES `regnames` WRITE;
/*!40000 ALTER TABLE `regnames` DISABLE KEYS */;
INSERT INTO `regnames` VALUES (1,'toronto','Canada',1,0,43.708215482461874,-79.3549832632812,'[{\"lat\":43.7818850788632,\"lng\":-79.43721131553872},{\"lat\":43.8362125527272,\"lng\":-79.43721131553872},{\"lat\":43.8362125527272,\"lng\":-79.13277666922681},{\"lat\":43.6162125527272,\"lng\":-79.13277666922681},{\"lat\":43.6162125527272,\"lng\":-79.29820091523078},{\"lat\":43.5985517455299,\"lng\":-79.29820091523078},{\"lat\":43.5985517455299,\"lng\":-79.55174415312848},{\"lat\":43.7818850788632,\"lng\":-79.55174415312848},{\"lat\":43.7818850788632,\"lng\":-79.43721131553872}]',-5),(2,'mississauga','Canada',1,0,43.62570819653403,-79.665695459082,'[{\"lat\":43.648663217622,\"lng\":-79.70844981150299},{\"lat\":43.7219198421127,\"lng\":-79.70844981150299},{\"lat\":43.7219198421127,\"lng\":-79.6070409111532},{\"lat\":43.648663217622,\"lng\":-79.6070409111532},{\"lat\":43.648663217622,\"lng\":-79.55978633637437},{\"lat\":43.483663217622,\"lng\":-79.55978633637437},{\"lat\":43.483663217622,\"lng\":-79.78750477729739},{\"lat\":43.648663217622,\"lng\":-79.78750477729739},{\"lat\":43.648663217622,\"lng\":-79.70844981150299}]',-5),(3,'montreal','Canada',1,0,45.49770150717615,-73.69127242643219,'[{\"lat\":45.5450215914379,\"lng\":-73.64715883186886},{\"lat\":45.6382897560063,\"lng\":-73.64715883186886},{\"lat\":45.6382897560063,\"lng\":-73.4899871642246},{\"lat\":45.5282897560063,\"lng\":-73.4899871642246},{\"lat\":45.5282897560063,\"lng\":-73.53541070019281},{\"lat\":45.3983549247712,\"lng\":-73.53541070019281},{\"lat\":45.3983549247712,\"lng\":-73.74455756152571},{\"lat\":45.3556265074176,\"lng\":-73.74768503527838},{\"lat\":45.3556265074176,\"lng\":-73.98283526550267},{\"lat\":45.5206265074176,\"lng\":-73.98283526550267},{\"lat\":45.5450215914379,\"lng\":-73.64715883186886}]',-5),(4,'laval','Canada',1,0,45.6035417684583,-73.7790579926757,NULL,-5),(5,'vancouver','Canada',1,0,49.2552158985174,-123.16895029296825,'[{\"lat\":49.2798443045241,\"lng\":-123.19779917384199},{\"lat\":49.3130874925107,\"lng\":-123.19779917384199},{\"lat\":49.3130874925107,\"lng\":-123.02925627049297},{\"lat\":49.2030874925107,\"lng\":-123.02925627049297},{\"lat\":49.2030874925107,\"lng\":-123.19779917384199},{\"lat\":49.2248443045241,\"lng\":-123.19779917384199},{\"lat\":49.2248443045241,\"lng\":-123.26650368728099},{\"lat\":49.2798443045241,\"lng\":-123.26650368728099},{\"lat\":49.2798443045241,\"lng\":-123.19779917384199}]',-8),(6,'surrey','Canada',1,0,49.103754421382256,-122.78305050952126,'[{\"lat\":49.2239601919058,\"lng\":-122.65722176155401},{\"lat\":49.1485486508587,\"lng\":-122.65722176155401},{\"lat\":49.1485486508587,\"lng\":-122.65683585518798},{\"lat\":49.0018819841921,\"lng\":-122.65683585518798},{\"lat\":49.0018819841921,\"lng\":-122.88073128348299},{\"lat\":49.0406268585724,\"lng\":-122.88073128348299},{\"lat\":49.0406268585724,\"lng\":-122.93741313786},{\"lat\":49.2239601919058,\"lng\":-122.93741313786},{\"lat\":49.2239601919058,\"lng\":-122.65722176155401}]',-8),(7,'ottawa','Canada',1,0,45.330275043785676,-75.68262099304684,'[{\"lat\":45.4804785791851,\"lng\":-75.8839727943714},{\"lat\":45.4021412729911,\"lng\":-75.8839727943714},{\"lat\":45.4021412729911,\"lng\":-75.76420682622052},{\"lat\":45.4330899762748,\"lng\":-75.76420682622052},{\"lat\":45.4330899762748,\"lng\":-75.69445864889889},{\"lat\":45.4669690171921,\"lng\":-75.69445864889889},{\"lat\":45.4669690171921,\"lng\":-75.54487017778047},{\"lat\":45.5103630399519,\"lng\":-75.54487017778047},{\"lat\":45.5103630399519,\"lng\":-75.28368206831328},{\"lat\":45.3270297066186,\"lng\":-75.28368206831328},{\"lat\":45.3270297066186,\"lng\":-75.3472814245606},{\"lat\":45.1397566429415,\"lng\":-75.3472814245606},{\"lat\":45.1397566429415,\"lng\":-75.5522621920187},{\"lat\":45.0354746063245,\"lng\":-75.5522621920187},{\"lat\":45.0354746063245,\"lng\":-76.07279884313749},{\"lat\":45.2238119125184,\"lng\":-76.07279884313749},{\"lat\":45.2238119125184,\"lng\":-76.24920591656598},{\"lat\":45.4804785791851,\"lng\":-76.24920591656598},{\"lat\":45.4804785791851,\"lng\":-75.8839727943714}]',-5),(8,'gatineau','Canada',1,0,45.50384074347665,-75.66171517526854,'[{\"lat\":45.5341516086344,\"lng\":-75.66881570181812},{\"lat\":45.5468632116522,\"lng\":-75.66881570181812},{\"lat\":45.5468632116522,\"lng\":-75.56417074837731},{\"lat\":45.4735298783189,\"lng\":-75.56417074837731},{\"lat\":45.4735298783189,\"lng\":-75.65462646158949},{\"lat\":45.4608182753011,\"lng\":-75.65462646158949},{\"lat\":45.4608182753011,\"lng\":-75.7592477892893},{\"lat\":45.5341516086344,\"lng\":-75.7592477892893},{\"lat\":45.5341516086344,\"lng\":-75.66881570181812}]',-5),(9,'calgary','Canada',1,0,51.002178893194,-114.0544659187495,'[{\"lat\":51.1822435142656,\"lng\":-113.915831517235},{\"lat\":50.9805768475989,\"lng\":-113.915831517235},{\"lat\":50.9805768475989,\"lng\":-113.916258046515},{\"lat\":50.8496142721224,\"lng\":-113.916258046515},{\"lat\":50.8496142721224,\"lng\":-114.14892750035898},{\"lat\":50.9805768475989,\"lng\":-114.14892750035898},{\"lat\":50.9805768475989,\"lng\":-114.23684661088902},{\"lat\":51.1822435142656,\"lng\":-114.23684661088902},{\"lat\":51.1822435142656,\"lng\":-113.915831517235}]',-7),(10,'edmonton','Canada',1,0,53.544389,-113.4909266999995,'[{\"lat\":53.654389,\"lng\":-113.305803793682},{\"lat\":53.434389,\"lng\":-113.305803793682},{\"lat\":53.434389,\"lng\":-113.67604960631701},{\"lat\":53.654389,\"lng\":-113.67604960631701},{\"lat\":53.654389,\"lng\":-113.305803793682}]',-7),(11,'québec','Canada',1,0,46.780717268628905,-71.30734067773435,NULL,-5),(12,'winnipeg','Canada',1,0,49.8510780147273,-97.13200053593745,NULL,-6),(13,'hamilton','Canada',1,0,43.2797891005593,-79.9729887618652,'[{\"lat\":43.4302907598167,\"lng\":-80.0257567029808},{\"lat\":43.4215545142773,\"lng\":-80.0257567029808},{\"lat\":43.4215545142773,\"lng\":-79.9172794216646},{\"lat\":43.3026889864474,\"lng\":-79.9172794216646},{\"lat\":43.3026889864474,\"lng\":-79.90433654503408},{\"lat\":43.2854554750291,\"lng\":-79.90433654503408},{\"lat\":43.2854554750291,\"lng\":-79.60401736622782},{\"lat\":43.0654554750291,\"lng\":-79.60401736622782},{\"lat\":43.0654554750291,\"lng\":-79.9056922892409},{\"lat\":43.1376889864474,\"lng\":-79.9056922892409},{\"lat\":43.1376889864474,\"lng\":-80.13075866980961},{\"lat\":43.3019574264834,\"lng\":-80.13075866980961},{\"lat\":43.3019574264834,\"lng\":-80.2022858995582},{\"lat\":43.4302907598167,\"lng\":-80.2022858995582},{\"lat\":43.4302907598167,\"lng\":-80.0257567029808}]',-5),(14,'burlington','Canada',1,0,43.363725960700435,-79.84232160436194,NULL,-5),(15,'kitchener','Canada',1,0,43.430941046346504,-80.47973795013016,'[{\"lat\":43.443271978286,\"lng\":-80.51388496626521},{\"lat\":43.4433552356701,\"lng\":-80.51388496626521},{\"lat\":43.4433552356701,\"lng\":-80.48974375366589},{\"lat\":43.4978625917501,\"lng\":-80.48974375366589},{\"lat\":43.4978625917501,\"lng\":-80.41395802856061},{\"lat\":43.4433552356701,\"lng\":-80.41395802856061},{\"lat\":43.4433552356701,\"lng\":-80.41294361342221},{\"lat\":43.3700219023367,\"lng\":-80.41294361342221},{\"lat\":43.3700219023367,\"lng\":-80.51388496626521},{\"lat\":43.388271978286,\"lng\":-80.51388496626521},{\"lat\":43.388271978286,\"lng\":-80.5618073543069},{\"lat\":43.443271978286,\"lng\":-80.5618073543069},{\"lat\":43.443271978286,\"lng\":-80.51388496626521}]',-5),(16,'waterloo','Canada',1,0,43.49763863805625,-80.51990795667312,NULL,-5),(17,'cambridge','Canada',1,0,43.399549139909,-80.32752095942378,'[{\"lat\":43.4713305327807,\"lng\":-80.27372982432723},{\"lat\":43.4102677470373,\"lng\":-80.27372982432723},{\"lat\":43.4102677470373,\"lng\":-80.26776101894563},{\"lat\":43.336934413704,\"lng\":-80.26776101894563},{\"lat\":43.336934413704,\"lng\":-80.36864728164016},{\"lat\":43.379663866114,\"lng\":-80.36864728164016},{\"lat\":43.379663866114,\"lng\":-80.39994571278208},{\"lat\":43.4713305327807,\"lng\":-80.39994571278208},{\"lat\":43.4713305327807,\"lng\":-80.27372982432723}]',-5),(18,'london','Canada',1,0,42.98695019999995,-81.24317699999995,NULL,-5),(19,'saint catharines','Canada',1,0,43.1703927825192,-79.27020854726561,NULL,-5),(20,'niagara falls','Canada',1,0,43.06241043764227,-79.09479800239255,'[{\"lat\":43.1607442383841,\"lng\":-79.0073681864589},{\"lat\":43.0924099702338,\"lng\":-79.0073681864589},{\"lat\":43.0924099702338,\"lng\":-79.00657551729842},{\"lat\":42.9640766369004,\"lng\":-79.00657551729842},{\"lat\":42.9640766369004,\"lng\":-79.18212992703758},{\"lat\":43.0324109050508,\"lng\":-79.18212992703758},{\"lat\":43.0324109050508,\"lng\":-79.1831183787753},{\"lat\":43.1607442383841,\"lng\":-79.1831183787753},{\"lat\":43.1607442383841,\"lng\":-79.0073681864589}]',-5),(21,'welland','Canada',1,0,42.9924090218991,-79.23520923535156,'[{\"lat\":43.0382423552324,\"lng\":-79.17254780111148},{\"lat\":42.9465756885658,\"lng\":-79.17254780111148},{\"lat\":42.9465756885658,\"lng\":-79.29787066959159},{\"lat\":43.0382423552324,\"lng\":-79.29787066959159},{\"lat\":43.0382423552324,\"lng\":-79.17254780111148}]',-5),(22,'halifax','Canada',1,0,44.85624815645396,-63.17595564363277,NULL,-4),(23,'oshawa','Canada',1,0,43.89041289624535,-78.8575514539062,'[{\"lat\":43.927079562912,\"lng\":-78.80667267043168},{\"lat\":43.8537462295787,\"lng\":-78.80667267043168},{\"lat\":43.8537462295787,\"lng\":-78.90843023738068},{\"lat\":43.927079562912,\"lng\":-78.90843023738068},{\"lat\":43.927079562912,\"lng\":-78.80667267043168}]',-5),(24,'clarington','Canada',1,0,43.935166199999955,-78.60756369999996,NULL,-5),(25,'whitby','Canada',1,0,43.93208839373987,-78.97567749023428,NULL,-5),(26,'saanich','Canada',1,0,48.4546125109139,-123.32101244199151,'[{\"lat\":48.5096125109139,\"lng\":-123.238082841849},{\"lat\":48.3996125109139,\"lng\":-123.238082841849},{\"lat\":48.3996125109139,\"lng\":-123.40394204213402},{\"lat\":48.5096125109139,\"lng\":-123.40394204213402},{\"lat\":48.5096125109139,\"lng\":-123.238082841849}]',-8),(27,'windsor','Canada',1,0,42.28418849378292,-82.98916706259763,'[{\"lat\":42.3231421075704,\"lng\":-83.02351016986972},{\"lat\":42.3460682133288,\"lng\":-83.02351016986972},{\"lat\":42.3460682133288,\"lng\":-82.8748084711458},{\"lat\":42.2360682133288,\"lng\":-82.8748084711458},{\"lat\":42.2360682133288,\"lng\":-82.96722929370128},{\"lat\":42.2314754409037,\"lng\":-82.96722929370128},{\"lat\":42.2314754409037,\"lng\":-83.09112031567372},{\"lat\":42.3231421075704,\"lng\":-83.09112031567372},{\"lat\":42.3231421075704,\"lng\":-83.02351016986972}]',-5),(28,'lakeshore','Canada',1,0,42.30182197400785,-82.6654802167968,NULL,-5),(29,'saskatoon','Canada',1,0,52.1330036584974,-106.6394900749015,NULL,-6),(30,'regina','Canada',1,0,50.445211199999946,-104.6188943999995,'[{\"lat\":50.5185445333333,\"lng\":-104.50373812668397},{\"lat\":50.3718778666666,\"lng\":-104.50373812668397},{\"lat\":50.3718778666666,\"lng\":-104.73405067331498},{\"lat\":50.5185445333333,\"lng\":-104.73405067331498},{\"lat\":50.5185445333333,\"lng\":-104.50373812668397}]',-6),(31,'sherbrooke','Canada',1,0,45.400992799999955,-71.8824288,NULL,-5),(32,'magog','Canada',1,0,45.2739764630698,-72.13562928085929,NULL,-5),(33,'saint john','Canada',1,0,47.51140898417335,-52.811837197753874,NULL,-4),(34,'Barrie','Canada',1,0,44.36530740544945,-79.68621172695305,NULL,-5),(35,'alcove','Canada',1,1,45.66672111654721,-75.89561462402344,NULL,-5),(36,'Gravenhurst','Canada',1,1,44.91417353148081,-79.38652038574219,NULL,-5),(37,'Hawkesbury','Canada',1,1,45.60698700267383,-74.61090087890625,NULL,-5),(39,'Belleville','Canada',1,1,44.19361527255154,-77.36297607421875,NULL,-5),(40,'Mayo','Canada',1,1,45.64474241842019,-75.3387451171875,NULL,-5),(41,'Beijing','China',1,1,39.93777624636779,116.4056396484375,NULL,8),(42,'Peterborough','Canada',1,1,44.331279533525446,-78.33663940429688,NULL,-5),(43,'Shanghai','China',1,1,31.070309364750734,121.56715393066406,NULL,8),(44,'Hong Kong','Hong Kong',1,1,22.34743160737257,114.1204833984375,NULL,8),(45,'Nara','Japan',1,1,34.687705342274555,135.8246612548828,NULL,9),(46,'Doha','Qatar',1,1,25.29089275352767,51.48536682128906,NULL,3),(47,'Dubai','United Arab Emirates',1,1,25.09777273876223,55.22346496582031,NULL,4),(48,'Kuwait','Kuwait',1,1,29.31326893015944,47.489776611328125,NULL,3),(49,'Paris','France',1,1,48.858372324432764,2.3325347900390625,NULL,1),(56,'New York','United States',1,1,40.69594206167604,-74.00665283203125,NULL,-5),(60,'Los Angeles','United States',1,1,34.00827605004075,-118.38386535644531,NULL,-8),(61,'Beijing','China',1,1,40.16425330099551,116.290283203125,NULL,8),(62,'Singapore','Singapore',1,1,1.3268208384067794,103.8369369506836,NULL,8),(63,'Hong Kong','Hong Kong',1,1,22.36043430261503,114.11979675292969,NULL,8),(64,'London','United Kingdom',1,1,51.49021367256329,-0.1242828369140625,NULL,0),(65,'Tokyo','Japan',1,1,35.6409613125121,139.47555541992188,NULL,9),(67,'Tianjin','China',1,1,39.05581660584196,117.41981506347656,NULL,8),(68,'tianjin','China',1,1,39.00820742114981,117.43698120117188,NULL,8),(69,'Taipei City','Taiwan',1,1,25.025235636256998,121.52595520019531,NULL,8),(70,'San Diego, CL','United States',1,1,32.73337846824734,-117.15476989746094,NULL,-8),(71,'Riyadh','Saudi Arabia',1,1,24.767386399036543,46.6754150390625,NULL,3),(72,'Jeddah','Saudi Arabia',1,1,21.822467372789617,39.19647216796875,NULL,3),(73,'Berlin','Germany',1,1,52.42681248054308,13.245391845703125,NULL,1),(74,'Nanjing','China',1,1,32.0813197322294,118.85147094726562,NULL,8),(75,'Great Cairo','Egypt',1,1,30.126948429742846,31.212158203125,NULL,2),(76,'Changchun','China',1,1,43.886808670954096,125.32791137695312,NULL,8),(77,'Beijing','China',1,1,39.967812068464966,116.5898323059082,NULL,8),(78,'Shanghai','China',1,1,31.269826155257476,121.50192260742188,NULL,8),(79,'chengdu','China',1,1,30.683354380017335,104.10919189453125,NULL,8),(80,'Nagoya','Japan',1,1,35.156342226775664,136.83815002441406,NULL,9),(81,'Quito','Ecuador',1,1,-0.21148544677261794,-78.49285125732422,NULL,-5),(82,'Quito','Ecuador',1,1,-0.17715419095621693,-78.47053527832031,NULL,-5);
/*!40000 ALTER TABLE `regnames` ENABLE KEYS */;
UNLOCK TABLES;

--
-- Dumping events for database 'happycityproject'
--

--
-- Dumping routines for database 'happycityproject'
--
SET @@SESSION.SQL_LOG_BIN = @MYSQLDUMP_TEMP_LOG_BIN;
/*!40103 SET TIME_ZONE=@OLD_TIME_ZONE */;

/*!40101 SET SQL_MODE=@OLD_SQL_MODE */;
/*!40014 SET FOREIGN_KEY_CHECKS=@OLD_FOREIGN_KEY_CHECKS */;
/*!40014 SET UNIQUE_CHECKS=@OLD_UNIQUE_CHECKS */;
/*!40101 SET CHARACTER_SET_CLIENT=@OLD_CHARACTER_SET_CLIENT */;
/*!40101 SET CHARACTER_SET_RESULTS=@OLD_CHARACTER_SET_RESULTS */;
/*!40101 SET COLLATION_CONNECTION=@OLD_COLLATION_CONNECTION */;
/*!40111 SET SQL_NOTES=@OLD_SQL_NOTES */;

-- Dump completed on 2016-05-19 16:55:45
